{"schemaVersion":"1.0","appDefinitionTemplate":{"id":"/providers/Microsoft.PowerApps/apps/","type":"Microsoft.PowerApps/apps","tags":{"primaryDeviceWidth":"1366","primaryDeviceHeight":"768","sienaVersion":"20200811T162239Z-3.20073.28.0","deviceCapabilities":"","supportsPortrait":"false","supportsLandscape":"true","primaryFormFactor":"Tablet","publisherVersion":"3.20073.28","minimumRequiredApiVersion":"2.2.0","hasComponent":"true","hasUnlockedComponent":"true","isUnifiedRootApp":"false"},"properties":{"appVersion":"2020-08-11T16:22:39Z","lifeCycleId":"Published","createdByClientVersion":{"major":3,"minor":20073,"build":28,"revision":0,"majorRevision":0,"minorRevision":0},"minClientVersion":{"major":3,"minor":20073,"build":28,"revision":0,"majorRevision":0,"minorRevision":0},"backgroundColor":"rgba(12, 193, 169, 1)","backgroundImageUri":"/12169864535274783451/N906ea035-0479-43df-90a1-7bee4fd9570c-logoSmallFile","displayName":"Theme Template Demo","description":"You should update the App \"OnStart\" settings to your company's branding design & use as a starting app for all future apps.","commitMessage":"","appUris":{"documentUri":{"value":"/12169864535274783451/N31042179-795b-4d1f-bcc7-57fe1554993d-document.msapp","readonlyValue":"/12169864535274783451/N31042179-795b-4d1f-bcc7-57fe1554993d-document.msapp"},"imageUris":[]},"createdTime":"0001-01-01T00:00:00Z","lastModifiedTime":"0001-01-01T00:00:00Z","sharedGroupsCount":0,"sharedUsersCount":0,"icons":{"smallIconUri":"/12169864535274783451/N7c7b3cbb-32f9-4a16-a0e5-2bb31e2f4c18-small.png","mediumIconUri":"/12169864535274783451/N6ce5986b-9b86-473c-9f43-9d8dd8aa61b4-medium.png","largeIconUri":"/12169864535274783451/N74b72f19-0b82-42e7-b6b2-ad77862346f2-large.png","wideIconUri":"/12169864535274783451/N1fc55c87-c85b-4434-97b1-559e240b585d-wide.png"},"connectionReferences":{"5d12b87e-225c-44a9-9a2b-e8fff7e3760d":{"id":"e394fbf2-c350-4416-ba12-beb5db5307ad","displayName":"Office 365 Users","iconUri":"https://connectoricons-prod.azureedge.net/releases/v1.0.1381/1.0.1381.2096/office365users/icon.png","dataSources":["Office365Users"],"dependencies":[],"dependents":[],"parameterHints":{},"isOnPremiseConnection":false,"bypassConsent":false,"dataSets":{},"apiTier":"Standard","isCustomApiConnection":false}},"databaseReferences":{},"almMode":"Environment","performanceOptimizationEnabled":true,"canConsumeAppPass":true},"isAppComponentLibrary":false,"appType":"ClassicCanvasApp","appComponents":[]}}